gene_id,#CHROM,POS,ID,REF,ALT,start,stop,strand,snp_pos
LOC_Os03g12840,3,6902394,86110567,A,G,6901923,6907409,+,970
LOC_Os03g12840,3,6902530,86110703,T,G,6901923,6907409,+,1106
LOC_Os03g12840,3,6903967,86112140,AG,A,6901923,6907409,+,2543
LOC_Os03g12840,3,6904636,86112809,AT,A,6901923,6907409,+,3212
LOC_Os03g12840,3,6906743,86114916,A,T,6901923,6907409,+,5319
LOC_Os03g12840,3,6906748,86114921,C,T,6901923,6907409,+,5324
LOC_Os03g12840,3,6906793,86114966,A,G,6901923,6907409,+,5369
LOC_Os03g60560,3,34424191,113632364,T,TC,34424179,34425104,+,511
LOC_Os03g60560,3,34424206,113632379,ATC,A,34424179,34425104,+,526
LOC_Os03g60560,3,34424273,113632446,CAGG,C,34424179,34425104,+,593
LOC_Os03g60560,3,34424288,113632461,T,TCGCTGG,34424179,34425104,+,608
LOC_Os03g60560,3,34424324,113632497,A,G,34424179,34425104,+,644
LOC_Os03g60560,3,34424339,113632512,TCGG,T,34424179,34425104,+,659
LOC_Os03g60560,3,34424352,113632525,C,T,34424179,34425104,+,672
LOC_Os03g60560,3,34424629,113632802,CG,C,34424179,34425104,+,949
LOC_Os03g60560,3,34424670,113632843,C,G,34424179,34425104,+,990
LOC_Os03g60560,3,34424805,113632978,TG,T,34424179,34425104,+,1125
LOC_Os03g60560,3,34424816,113632989,AGT,A,34424179,34425104,+,1136
LOC_Os03g60560,3,34424871,113633044,T,TTGATC,34424179,34425104,+,1191
LOC_Os03g60560,3,34424955,113633128,GA,G,34424179,34425104,+,1275
LOC_Os03g60560,3,34425030,113633203,CTA,C,34424179,34425104,+,1350
LOC_Os06g03670,6,1434777,182517897,C,CT,1434730,1435857,+,546
LOC_Os06g03670,6,1434806,182517926,G,T,1434730,1435857,+,575
LOC_Os06g03670,6,1434870,182517990,A,T,1434730,1435857,+,639
LOC_Os06g03670,6,1435281,182518401,A,T,1434730,1435857,+,1050
LOC_Os06g03670,6,1435293,182518413,A,C,1434730,1435857,+,1062
LOC_Os06g03670,6,1435296,182518416,A,G,1434730,1435857,+,1065
LOC_Os06g03670,6,1435500,182518620,C,CTA,1434730,1435857,+,1269
LOC_Os06g03670,6,1435528,182518648,A,AT,1434730,1435857,+,1297
LOC_Os10g05720,10,2885466,296370736,G,GT,2885292,2886579,+,673
LOC_Os10g05720,10,2885476,296370746,GAGA,G,2885292,2886579,+,683
LOC_Os10g05720,10,2885539,296370809,C,A,2885292,2886579,+,746
LOC_Os10g05720,10,2885695,296370965,G,A,2885292,2886579,+,902
LOC_Os10g05720,10,2885703,296370973,A,G,2885292,2886579,+,910
LOC_Os10g05720,10,2885744,296371014,A,G,2885292,2886579,+,951
LOC_Os10g05720,10,2885768,296371038,G,A,2885292,2886579,+,975
LOC_Os10g05720,10,2886359,296371629,A,AAAT,2885292,2886579,+,1566
LOC_Os10g05720,10,2886473,296371743,A,AT,2885292,2886579,+,1680
LOC_Os10g05720,10,2886508,296371778,AG,A,2885292,2886579,+,1715
LOC_Os02g33820,2,20165676,63436599,C,CAAATTT,20165588,20166668,-,587
LOC_Os02g33820,2,20165711,63436634,AATT,A,20165588,20166668,-,622
LOC_Os02g33820,2,20165727,63436650,C,CACGA,20165588,20166668,-,638
LOC_Os02g33820,2,20165739,63436662,G,GCAA,20165588,20166668,-,650
LOC_Os02g33820,2,20165747,63436670,GT,G,20165588,20166668,-,658
LOC_Os02g33820,2,20165771,63436694,AAATT,A,20165588,20166668,-,682
LOC_Os02g33820,2,20165794,63436717,A,ATGCGTG,20165588,20166668,-,705
LOC_Os02g33820,2,20166003,63436926,CCTT,C,20165588,20166668,-,914
LOC_Os02g33820,2,20166405,63437328,G,GGCTA,20165588,20166668,-,1316
LOC_Os02g33820,2,20166449,63437372,A,AGTTG,20165588,20166668,-,1360
LOC_Os02g33820,2,20166477,63437400,GC,G,20165588,20166668,-,1388
LOC_Os02g33820,2,20166478,63437401,CA,C,20165588,20166668,-,1389
LOC_Os02g33820,2,20166608,63437531,GTTAC,G,20165588,20166668,-,1519
LOC_Os02g33820,2,20166621,63437544,GTTGGC,G,20165588,20166668,-,1532
